provider_id,provider_name,specialization,contact_number
1,Wilson LLC,Neurologist,+1-963-642-9834x12483
2,Fisher-Hansen,Surgeon,(960)477-5966x47219
3,"Mills, Sawyer and Williams",Cardiologist,198-660-2777x7375
4,"Patel, Bradford and Swanson",Cardiologist,(241)048-6321
5,"Wilson, Castro and Lewis",Surgeon,212.766.7802
6,Griffith-Johnson,General,197-700-8169x020
7,Sloan-Holloway,Cardiologist,001-129-705-2801
8,"Thomas, Harper and Morrow",General,(762)833-7877x594
9,"Ortiz, Henry and Brown",Cardiologist,489-408-3552x0406
10,Stone Inc,Dentist,061.707.9780
11,"Peters, Zimmerman and Bush",Dentist,+1-675-880-3944x4504
12,Burton Inc,Surgeon,+1-605-461-6023
13,"Pham, Ruiz and Lee",Neurologist,552.732.7821x7644
14,Cole Inc,Surgeon,742.069.5068x5922
15,Henry and Sons,Surgeon,001-635-846-4645x009
16,Lee LLC,Neurologist,712.856.2065
17,"Fernandez, Tucker and Taylor",Neurologist,743-100-7120x8443
18,Townsend-Grimes,General,626.583.8835
19,Vargas-Estrada,Dentist,+1-777-529-6463x8762
20,"Garcia, Smith and Riddle",Dentist,001-888-141-2869x2622
21,Baker-Le,Dentist,834-580-9805x1604
22,Jenkins Inc,General,760.536.0245x05171
23,Elliott LLC,Dentist,001-078-295-5451x69768
24,"Knapp, Wallace and Smith",Dentist,+1-865-868-7823x97871
25,Delacruz Inc,Dentist,181.675.4290x646
26,Jacobs-Carpenter,Neurologist,(764)794-6456x069
27,Lewis Group,Surgeon,+1-897-813-6021x8371
28,Carter-West,Neurologist,+1-993-849-4839x223
29,Benitez-Miller,Surgeon,(394)184-2863x83499
30,"Williams, Shelton and Glover",Surgeon,948.812.2588x785
31,Lewis Inc,Cardiologist,504-375-9626x084
32,"Jennings, Cameron and Cohen",Surgeon,931-183-8729
33,Morse PLC,Surgeon,050.500.9109
34,"Durham, Martinez and Stone",General,(756)169-1251x385
35,Vance-Ford,Dentist,001-836-310-5586x8195
36,"Tran, Richards and Zavala",Dentist,527-524-2735
37,Hughes-Munoz,Dentist,+1-325-371-6981x53080
38,Singleton-Torres,Neurologist,716.670.3881x1518
39,Davis LLC,General,+1-420-542-4364x02304
40,"Mendoza, Mcdonald and Harris",General,646-570-0425x70224
41,Walker-Juarez,Dentist,488.486.9206
42,Navarro LLC,Surgeon,625-386-7653x3444
43,Day PLC,Dentist,915-700-6137x140
44,Hicks-Chavez,Dentist,(875)338-3352x8452
45,"Bernard, Mann and Shaw",Dentist,(176)239-5541x093
46,"Stein, Sanders and Williams",General,+1-814-565-2472x42504
47,"Watson, Bradford and Clark",Surgeon,990.306.5513x85880
48,Lee LLC,Dentist,230.292.8741x291
49,Roberts-Green,Cardiologist,+1-019-257-5820
50,Smith and Sons,Neurologist,9716128400
51,"Nelson, Baldwin and Perez",Dentist,(719)675-6928x2106
52,Jones-Miller,Dentist,+1-936-300-3847
53,"Delacruz, Humphrey and Hall",Cardiologist,805-385-4920
54,Martinez Group,Neurologist,+1-830-990-8772x7540
55,Smith Group,Surgeon,001-329-129-1119x472
56,"Sanchez, Vang and Fuller",Cardiologist,(091)424-0756x36463
57,"Baker, Brandt and Jimenez",Cardiologist,912-411-9652
58,Williams Group,Surgeon,773.134.5295x3379
59,"Reed, Robertson and Grant",Surgeon,130.391.5530x64370
60,"Gray, Kelly and Schaefer",General,(726)104-8505
61,Navarro-Williams,Surgeon,484.193.8239x720
62,Foley Group,Neurologist,823-587-0303x462
63,James and Sons,Surgeon,310-494-3404
64,"Alexander, Winters and Salinas",Dentist,821.829.3681
65,"Young, Gonzalez and Collier",Cardiologist,+1-222-814-1940x114
66,"Mitchell, Bauer and Kirk",General,001-464-065-4105x935
67,Higgins and Sons,Neurologist,107.402.8616x836
68,Cruz and Sons,Neurologist,+1-199-411-1687
69,Simpson-Taylor,Surgeon,(920)453-2284x731
70,Cole Group,Cardiologist,001-907-955-8873x6198
71,Bell-Ross,Neurologist,001-889-245-2554
72,Berry LLC,Dentist,(344)093-4576x140
73,Wilson-Hancock,Neurologist,257-837-0416
74,Hunter PLC,Neurologist,001-158-150-0023x25621
75,Rios Group,Cardiologist,(769)406-7060x53875
76,Johnson-Eaton,Neurologist,001-411-986-7668x551
77,Tyler Group,Dentist,498-047-3576
78,Gallagher-Bruce,Cardiologist,001-407-384-7509
79,"Guerra, Jackson and Jones",Dentist,438-367-4768
80,"Johnson, Peterson and Reyes",Surgeon,9662731521
81,Pitts Group,Dentist,054-532-6568x7927
82,Perkins-Lin,Surgeon,891.613.4235x24984
83,Ortiz Group,Cardiologist,+1-450-104-9504x548
84,Delgado-Lopez,Neurologist,+1-259-752-9478
85,"Larson, Willis and Freeman",Dentist,8287388545
86,Turner-Keith,Neurologist,443-767-8165x46076
87,Colon Group,General,(783)787-0153x119
88,Turner Group,Surgeon,001-770-972-2844x451
89,Williams Ltd,Surgeon,273-424-6734
90,Kerr PLC,General,671-021-0859x979
91,"Gilbert, Bond and Bradford",Dentist,(951)526-8137x8295
92,Shaw Group,Neurologist,(090)890-5334
93,Compton-Mccoy,Surgeon,708-724-9624
94,Fleming Inc,Dentist,(095)284-6856x04095
95,"Smith, Blevins and Johnson",Neurologist,960.517.8656
96,Harper PLC,Neurologist,562-201-7329x0492
97,Wilson Group,Surgeon,001-797-198-9261x909
98,Hurst PLC,General,033.000.9071x4663
99,Morgan PLC,Neurologist,(084)711-1193x65983
100,Brown-Luna,Surgeon,+1-630-719-3960x863
